{
  "queryContent": {
    "size": 1,
    "hitRatio": 0.9469026548672567,
    "missRatio": 0.05309734513274336
  }
}